Stone,stone
Granite,granite
Polished Granite,polished_granite
Diorite,diorite
Polished Diorite,polished_diorite
Andesite,andesite
Polished Andesite,polished_andesite
Deepslate,deepslate
Cobbled Deepslate,cobbled_deepslate
Polished Deepslate,polished_deepslate
Calcite,calcite
Tuff,tuff
Dripstone Block,dripstone_block
Grass Block,grass_block
Dirt,dirt
Coarse Dirt,coarse_dirt
Podzol,podzol
Rooted Dirt,rooted_dirt
Mud,mud
Crimson Nylium,crimson_nylium
Warped Nylium,warped_nylium
Cobblestone,cobblestone
Oak Planks,oak_planks
Spruce Planks,spruce_planks
Birch Planks,birch_planks
Jungle Planks,jungle_planks
Acacia Planks,acacia_planks
Cherry Planks,cherry_planks
Dark Oak Planks,dark_oak_planks
Mangrove Planks,mangrove_planks
Bamboo Planks,bamboo_planks
Crimson Planks,crimson_planks
Warped Planks,warped_planks
Bamboo Mosaic,bamboo_mosaic
Oak Sapling,oak_sapling
Spruce Sapling,spruce_sapling
Birch Sapling,birch_sapling
Jungle Sapling,jungle_sapling
Acacia Sapling,acacia_sapling
Cherry Sapling,cherry_sapling
Dark Oak Sapling,dark_oak_sapling
Mangrove Propagule,mangrove_propagule
Sand,sand
Red Sand,red_sand
Gravel,gravel
Coal Ore,coal_ore
Deepslate Coal Ore,deepslate_coal_ore
Iron Ore,iron_ore
Deepslate Iron Ore,deepslate_iron_ore
Copper Ore,copper_ore
Deepslate Copper Ore,deepslate_copper_ore
Gold Ore,gold_ore
Deepslate Gold Ore,deepslate_gold_ore
Redstone Ore,redstone_ore
Deepslate Redstone Ore,deepslate_redstone_ore
Emerald Ore,emerald_ore
Deepslate Emerald Ore,deepslate_emerald_ore
Lapis Lazuli Ore,lapis_ore
Deepslate Lapis Lazuli Ore,deepslate_lapis_ore
Diamond Ore,diamond_ore
Deepslate Diamond Ore,deepslate_diamond_ore
Nether Gold Ore,nether_gold_ore
Nether Quartz Ore,nether_quartz_ore
Ancient Debris,ancient_debris
Block of Coal,coal_block
Block of Raw Iron,raw_iron_block
Block of Raw Copper,raw_copper_block
Block of Raw Gold,raw_gold_block
Block of Amethyst,amethyst_block
Block of Iron,iron_block
Block of Copper,copper_block
Block of Gold,gold_block
Block of Diamond,diamond_block
Block of Netherite,netherite_block
Exposed Copper,exposed_copper
Weathered Copper,weathered_copper
Oxidized Copper,oxidized_copper
Cut Copper,cut_copper
Exposed Cut Copper,exposed_cut_copper
Weathered Cut Copper,weathered_cut_copper
Oxidized Cut Copper,oxidized_cut_copper
Cut Copper Stairs,cut_copper_stairs
Exposed Cut Copper Stairs,exposed_cut_copper_stairs
Weathered Cut Copper Stairs,weathered_cut_copper_stairs
Oxidized Cut Copper Stairs,oxidized_cut_copper_stairs
Cut Copper Slab,cut_copper_slab
Exposed Cut Copper Slab,exposed_cut_copper_slab
Weathered Cut Copper Slab,weathered_cut_copper_slab
Oxidized Cut Copper Slab,oxidized_cut_copper_slab
Waxed Block of Copper,waxed_copper_block
Waxed Exposed Copper,waxed_exposed_copper
Waxed Weathered Copper,waxed_weathered_copper
Waxed Oxidized Copper,waxed_oxidized_copper
Waxed Cut Copper,waxed_cut_copper
Waxed Exposed Cut Copper,waxed_exposed_cut_copper
Waxed Weathered Cut Copper,waxed_weathered_cut_copper
Waxed Oxidized Cut Copper,waxed_oxidized_cut_copper
Waxed Cut Copper Stairs,waxed_cut_copper_stairs
Waxed Exposed Cut Copper Stairs,waxed_exposed_cut_copper_stairs
Waxed Weathered Cut Copper Stairs,waxed_weathered_cut_copper_stairs
Waxed Oxidized Cut Copper Stairs,waxed_oxidized_cut_copper_stairs
Waxed Cut Copper Slab,waxed_cut_copper_slab
Waxed Exposed Cut Copper Slab,waxed_exposed_cut_copper_slab
Waxed Weathered Cut Copper Slab,waxed_weathered_cut_copper_slab
Waxed Oxidized Cut Copper Slab,waxed_oxidized_cut_copper_slab
Oak Log,oak_log
Spruce Log,spruce_log
Birch Log,birch_log
Jungle Log,jungle_log
Acacia Log,acacia_log
Cherry Log,cherry_log
Dark Oak Log,dark_oak_log
Mangrove Log,mangrove_log
Mangrove Roots,mangrove_roots
Muddy Mangrove Roots,muddy_mangrove_roots
Crimson Stem,crimson_stem
Warped Stem,warped_stem
Block of Bamboo,bamboo_block
Stripped Oak Log,stripped_oak_log
Stripped Spruce Log,stripped_spruce_log
Stripped Birch Log,stripped_birch_log
Stripped Jungle Log,stripped_jungle_log
Stripped Acacia Log,stripped_acacia_log
Stripped Cherry Log,stripped_cherry_log
Stripped Dark Oak Log,stripped_dark_oak_log
Stripped Mangrove Log,stripped_mangrove_log
Stripped Crimson Stem,stripped_crimson_stem
Stripped Warped Stem,stripped_warped_stem
Stripped Oak Wood,stripped_oak_wood
Stripped Spruce Wood,stripped_spruce_wood
Stripped Birch Wood,stripped_birch_wood
Stripped Jungle Wood,stripped_jungle_wood
Stripped Acacia Wood,stripped_acacia_wood
Stripped Cherry Wood,stripped_cherry_wood
Stripped Dark Oak Wood,stripped_dark_oak_wood
Stripped Mangrove Wood,stripped_mangrove_wood
Stripped Crimson Hyphae,stripped_crimson_hyphae
Stripped Warped Hyphae,stripped_warped_hyphae
Block of Stripped Bamboo,stripped_bamboo_block
Oak Wood,oak_wood
Spruce Wood,spruce_wood
Birch Wood,birch_wood
Jungle Wood,jungle_wood
Acacia Wood,acacia_wood
Cherry Wood,cherry_wood
Dark Oak Wood,dark_oak_wood
Mangrove Wood,mangrove_wood
Crimson Hyphae,crimson_hyphae
Warped Hyphae,warped_hyphae
Oak Leaves,oak_leaves
Spruce Leaves,spruce_leaves
Birch Leaves,birch_leaves
Jungle Leaves,jungle_leaves
Acacia Leaves,acacia_leaves
Cherry Leaves,cherry_leaves
Dark Oak Leaves,dark_oak_leaves
Mangrove Leaves,mangrove_leaves
Azalea Leaves,azalea_leaves
Flowering Azalea Leaves,flowering_azalea_leaves
Sponge,sponge
Wet Sponge,wet_sponge
Glass,glass
Tinted Glass,tinted_glass
Block of Lapis Lazuli,lapis_block
Sandstone,sandstone
Chiseled Sandstone,chiseled_sandstone
Cut Sandstone,cut_sandstone
Cobweb,cobweb
Grass,grass
Fern,fern
Azalea,azalea
Flowering Azalea,flowering_azalea
Dead Bush,dead_bush
Seagrass,seagrass
Sea Pickle,sea_pickle
White Wool,white_wool
Orange Wool,orange_wool
Magenta Wool,magenta_wool
Light Blue Wool,light_blue_wool
Yellow Wool,yellow_wool
Lime Wool,lime_wool
Pink Wool,pink_wool
Gray Wool,gray_wool
Light Gray Wool,light_gray_wool
Cyan Wool,cyan_wool
Purple Wool,purple_wool
Blue Wool,blue_wool
Brown Wool,brown_wool
Green Wool,green_wool
Red Wool,red_wool
Black Wool,black_wool
Dandelion,dandelion
Poppy,poppy
Blue Orchid,blue_orchid
Allium,allium
Azure Bluet,azure_bluet
Red Tulip,red_tulip
Orange Tulip,orange_tulip
White Tulip,white_tulip
Pink Tulip,pink_tulip
Oxeye Daisy,oxeye_daisy
Cornflower,cornflower
Lily of the Valley,lily_of_the_valley
Wither Rose,wither_rose
Torchflower,torchflower
Pitcher Plant,pitcher_plant
Spore Blossom,spore_blossom
Brown Mushroom,brown_mushroom
Red Mushroom,red_mushroom
Crimson Fungus,crimson_fungus
Warped Fungus,warped_fungus
Crimson Roots,crimson_roots
Warped Roots,warped_roots
Nether Sprouts,nether_sprouts
Weeping Vines,weeping_vines
Twisting Vines,twisting_vines
Sugar Cane,sugar_cane
Kelp,kelp
Moss Carpet,moss_carpet
Pink Petals,pink_petals
Moss Block,moss_block
Hanging Roots,hanging_roots
Big Dripleaf,big_dripleaf
Small Dripleaf,small_dripleaf
Bamboo,bamboo
Oak Slab,oak_slab
Spruce Slab,spruce_slab
Birch Slab,birch_slab
Jungle Slab,jungle_slab
Acacia Slab,acacia_slab
Cherry Slab,cherry_slab
Dark Oak Slab,dark_oak_slab
Mangrove Slab,mangrove_slab
Bamboo Slab,bamboo_slab
Bamboo Mosaic Slab,bamboo_mosaic_slab
Crimson Slab,crimson_slab
Warped Slab,warped_slab
Stone Slab,stone_slab
Smooth Stone Slab,smooth_stone_slab
Sandstone Slab,sandstone_slab
Cut Sandstone Slab,cut_sandstone_slab
Cobblestone Slab,cobblestone_slab
Brick Slab,brick_slab
Stone Brick Slab,stone_brick_slab
Mud Brick Slab,mud_brick_slab
Nether Brick Slab,nether_brick_slab
Quartz Slab,quartz_slab
Red Sandstone Slab,red_sandstone_slab
Cut Red Sandstone Slab,cut_red_sandstone_slab
Purpur Slab,purpur_slab
Prismarine Slab,prismarine_slab
Prismarine Brick Slab,prismarine_brick_slab
Dark Prismarine Slab,dark_prismarine_slab
Smooth Quartz Block,smooth_quartz
Smooth Red Sandstone,smooth_red_sandstone
Smooth Sandstone,smooth_sandstone
Smooth Stone,smooth_stone
Bricks,bricks
Bookshelf,bookshelf
Chiseled Bookshelf,chiseled_bookshelf
Decorated Pot,decorated_pot
Mossy Cobblestone,mossy_cobblestone
Obsidian,obsidian
Torch,torch
End Rod,end_rod
Chorus Flower,chorus_flower
Purpur Block,purpur_block
Purpur Pillar,purpur_pillar
Purpur Stairs,purpur_stairs
Chest,chest
Crafting Table,crafting_table
Furnace,furnace
Ladder,ladder
Cobblestone Stairs,cobblestone_stairs
Snow,snow
Ice,ice
Snow Block,snow_block
Cactus,cactus
Clay,clay
Jukebox,jukebox
Oak Fence,oak_fence
Spruce Fence,spruce_fence
Birch Fence,birch_fence
Jungle Fence,jungle_fence
Acacia Fence,acacia_fence
Cherry Fence,cherry_fence
Dark Oak Fence,dark_oak_fence
Mangrove Fence,mangrove_fence
Bamboo Fence,bamboo_fence
Crimson Fence,crimson_fence
Warped Fence,warped_fence
Pumpkin,pumpkin
Carved Pumpkin,carved_pumpkin
Jack o'Lantern,jack_o_lantern
Netherrack,netherrack
Soul Sand,soul_sand
Soul Soil,soul_soil
Basalt,basalt
Polished Basalt,polished_basalt
Smooth Basalt,smooth_basalt
Soul Torch,soul_torch
Glowstone,glowstone
Stone Bricks,stone_bricks
Mossy Stone Bricks,mossy_stone_bricks
Cracked Stone Bricks,cracked_stone_bricks
Chiseled Stone Bricks,chiseled_stone_bricks
Packed Mud,packed_mud
Mud Bricks,mud_bricks
Deepslate Bricks,deepslate_bricks
Cracked Deepslate Bricks,cracked_deepslate_bricks
Deepslate Tiles,deepslate_tiles
Cracked Deepslate Tiles,cracked_deepslate_tiles
Chiseled Deepslate,chiseled_deepslate
Brown Mushroom Block,brown_mushroom_block
Red Mushroom Block,red_mushroom_block
Mushroom Stem,mushroom_stem
Iron Bars,iron_bars
Chain,chain
Glass Pane,glass_pane
Melon,melon
Vines,vine
Glow Lichen,glow_lichen
Brick Stairs,brick_stairs
Stone Brick Stairs,stone_brick_stairs
Mud Brick Stairs,mud_brick_stairs
Mycelium,mycelium
Lily Pad,lily_pad
Nether Bricks,nether_bricks
Cracked Nether Bricks,cracked_nether_bricks
Chiseled Nether Bricks,chiseled_nether_bricks
Nether Brick Fence,nether_brick_fence
Nether Brick Stairs,nether_brick_stairs
Sculk,sculk
Sculk Vein,sculk_vein
Sculk Catalyst,sculk_catalyst
Sculk Shrieker,sculk_shrieker
Enchanting Table,enchanting_table
End Stone,end_stone
End Stone Bricks,end_stone_bricks
Dragon Egg,dragon_egg
Sandstone Stairs,sandstone_stairs
Ender Chest,ender_chest
Block of Emerald,emerald_block
Oak Stairs,oak_stairs
Spruce Stairs,spruce_stairs
Birch Stairs,birch_stairs
Jungle Stairs,jungle_stairs
Acacia Stairs,acacia_stairs
Cherry Stairs,cherry_stairs
Dark Oak Stairs,dark_oak_stairs
Mangrove Stairs,mangrove_stairs
Bamboo Stairs,bamboo_stairs
Bamboo Mosaic Stairs,bamboo_mosaic_stairs
Crimson Stairs,crimson_stairs
Warped Stairs,warped_stairs
Beacon,beacon
Cobblestone Wall,cobblestone_wall
Mossy Cobblestone Wall,mossy_cobblestone_wall
Brick Wall,brick_wall
Prismarine Wall,prismarine_wall
Red Sandstone Wall,red_sandstone_wall
Mossy Stone Brick Wall,mossy_stone_brick_wall
Granite Wall,granite_wall
Stone Brick Wall,stone_brick_wall
Mud Brick Wall,mud_brick_wall
Nether Brick Wall,nether_brick_wall
Andesite Wall,andesite_wall
Red Nether Brick Wall,red_nether_brick_wall
Sandstone Wall,sandstone_wall
End Stone Brick Wall,end_stone_brick_wall
Diorite Wall,diorite_wall
Blackstone Wall,blackstone_wall
Polished Blackstone Wall,polished_blackstone_wall
Polished Blackstone Brick Wall,polished_blackstone_brick_wall
Cobbled Deepslate Wall,cobbled_deepslate_wall
Polished Deepslate Wall,polished_deepslate_wall
Deepslate Brick Wall,deepslate_brick_wall
Deepslate Tile Wall,deepslate_tile_wall
Anvil,anvil
Chipped Anvil,chipped_anvil
Damaged Anvil,damaged_anvil
Chiseled Quartz Block,chiseled_quartz_block
Block of Quartz,quartz_block
Quartz Bricks,quartz_bricks
Quartz Pillar,quartz_pillar
Quartz Stairs,quartz_stairs
White Terracotta,white_terracotta
Orange Terracotta,orange_terracotta
Magenta Terracotta,magenta_terracotta
Light Blue Terracotta,light_blue_terracotta
Yellow Terracotta,yellow_terracotta
Lime Terracotta,lime_terracotta
Pink Terracotta,pink_terracotta
Gray Terracotta,gray_terracotta
Light Gray Terracotta,light_gray_terracotta
Cyan Terracotta,cyan_terracotta
Purple Terracotta,purple_terracotta
Blue Terracotta,blue_terracotta
Brown Terracotta,brown_terracotta
Green Terracotta,green_terracotta
Red Terracotta,red_terracotta
Black Terracotta,black_terracotta
Hay Bale,hay_block
White Carpet,white_carpet
Orange Carpet,orange_carpet
Magenta Carpet,magenta_carpet
Light Blue Carpet,light_blue_carpet
Yellow Carpet,yellow_carpet
Lime Carpet,lime_carpet
Pink Carpet,pink_carpet
Gray Carpet,gray_carpet
Light Gray Carpet,light_gray_carpet
Cyan Carpet,cyan_carpet
Purple Carpet,purple_carpet
Blue Carpet,blue_carpet
Brown Carpet,brown_carpet
Green Carpet,green_carpet
Red Carpet,red_carpet
Black Carpet,black_carpet
Terracotta,terracotta
Packed Ice,packed_ice
Sunflower,sunflower
Lilac,lilac
Rose Bush,rose_bush
Peony,peony
Tall Grass,tall_grass
Large Fern,large_fern
White Stained Glass,white_stained_glass
Orange Stained Glass,orange_stained_glass
Magenta Stained Glass,magenta_stained_glass
Light Blue Stained Glass,light_blue_stained_glass
Yellow Stained Glass,yellow_stained_glass
Lime Stained Glass,lime_stained_glass
Pink Stained Glass,pink_stained_glass
Gray Stained Glass,gray_stained_glass
Light Gray Stained Glass,light_gray_stained_glass
Cyan Stained Glass,cyan_stained_glass
Purple Stained Glass,purple_stained_glass
Blue Stained Glass,blue_stained_glass
Brown Stained Glass,brown_stained_glass
Green Stained Glass,green_stained_glass
Red Stained Glass,red_stained_glass
Black Stained Glass,black_stained_glass
White Stained Glass Pane,white_stained_glass_pane
Orange Stained Glass Pane,orange_stained_glass_pane
Magenta Stained Glass Pane,magenta_stained_glass_pane
Light Blue Stained Glass Pane,light_blue_stained_glass_pane
Yellow Stained Glass Pane,yellow_stained_glass_pane
Lime Stained Glass Pane,lime_stained_glass_pane
Pink Stained Glass Pane,pink_stained_glass_pane
Gray Stained Glass Pane,gray_stained_glass_pane
Light Gray Stained Glass Pane,light_gray_stained_glass_pane
Cyan Stained Glass Pane,cyan_stained_glass_pane
Purple Stained Glass Pane,purple_stained_glass_pane
Blue Stained Glass Pane,blue_stained_glass_pane
Brown Stained Glass Pane,brown_stained_glass_pane
Green Stained Glass Pane,green_stained_glass_pane
Red Stained Glass Pane,red_stained_glass_pane
Black Stained Glass Pane,black_stained_glass_pane
Prismarine,prismarine
Prismarine Bricks,prismarine_bricks
Dark Prismarine,dark_prismarine
Prismarine Stairs,prismarine_stairs
Prismarine Brick Stairs,prismarine_brick_stairs
Dark Prismarine Stairs,dark_prismarine_stairs
Sea Lantern,sea_lantern
Red Sandstone,red_sandstone
Chiseled Red Sandstone,chiseled_red_sandstone
Cut Red Sandstone,cut_red_sandstone
Red Sandstone Stairs,red_sandstone_stairs
Magma Block,magma_block
Nether Wart Block,nether_wart_block
Warped Wart Block,warped_wart_block
Red Nether Bricks,red_nether_bricks
Bone Block,bone_block
Shulker Box,shulker_box
White Shulker Box,white_shulker_box
Orange Shulker Box,orange_shulker_box
Magenta Shulker Box,magenta_shulker_box
Light Blue Shulker Box,light_blue_shulker_box
Yellow Shulker Box,yellow_shulker_box
Lime Shulker Box,lime_shulker_box
Pink Shulker Box,pink_shulker_box
Gray Shulker Box,gray_shulker_box
Light Gray Shulker Box,light_gray_shulker_box
Cyan Shulker Box,cyan_shulker_box
Purple Shulker Box,purple_shulker_box
Blue Shulker Box,blue_shulker_box
Brown Shulker Box,brown_shulker_box
Green Shulker Box,green_shulker_box
Red Shulker Box,red_shulker_box
Black Shulker Box,black_shulker_box
White Glazed Terracotta,white_glazed_terracotta
Orange Glazed Terracotta,orange_glazed_terracotta
Magenta Glazed Terracotta,magenta_glazed_terracotta
Light Blue Glazed Terracotta,light_blue_glazed_terracotta
Yellow Glazed Terracotta,yellow_glazed_terracotta
Lime Glazed Terracotta,lime_glazed_terracotta
Pink Glazed Terracotta,pink_glazed_terracotta
Gray Glazed Terracotta,gray_glazed_terracotta
Light Gray Glazed Terracotta,light_gray_glazed_terracotta
Cyan Glazed Terracotta,cyan_glazed_terracotta
Purple Glazed Terracotta,purple_glazed_terracotta
Blue Glazed Terracotta,blue_glazed_terracotta
Brown Glazed Terracotta,brown_glazed_terracotta
Green Glazed Terracotta,green_glazed_terracotta
Red Glazed Terracotta,red_glazed_terracotta
Black Glazed Terracotta,black_glazed_terracotta
White Concrete,white_concrete
Orange Concrete,orange_concrete
Magenta Concrete,magenta_concrete
Light Blue Concrete,light_blue_concrete
Yellow Concrete,yellow_concrete
Lime Concrete,lime_concrete
Pink Concrete,pink_concrete
Gray Concrete,gray_concrete
Light Gray Concrete,light_gray_concrete
Cyan Concrete,cyan_concrete
Purple Concrete,purple_concrete
Blue Concrete,blue_concrete
Brown Concrete,brown_concrete
Green Concrete,green_concrete
Red Concrete,red_concrete
Black Concrete,black_concrete
White Concrete Powder,white_concrete_powder
Orange Concrete Powder,orange_concrete_powder
Magenta Concrete Powder,magenta_concrete_powder
Light Blue Concrete Powder,light_blue_concrete_powder
Yellow Concrete Powder,yellow_concrete_powder
Lime Concrete Powder,lime_concrete_powder
Pink Concrete Powder,pink_concrete_powder
Gray Concrete Powder,gray_concrete_powder
Light Gray Concrete Powder,light_gray_concrete_powder
Cyan Concrete Powder,cyan_concrete_powder
Purple Concrete Powder,purple_concrete_powder
Blue Concrete Powder,blue_concrete_powder
Brown Concrete Powder,brown_concrete_powder
Green Concrete Powder,green_concrete_powder
Red Concrete Powder,red_concrete_powder
Black Concrete Powder,black_concrete_powder
Turtle Egg,turtle_egg
Sniffer Egg,sniffer_egg
Dead Tube Coral Block,dead_tube_coral_block
Dead Brain Coral Block,dead_brain_coral_block
Dead Bubble Coral Block,dead_bubble_coral_block
Dead Fire Coral Block,dead_fire_coral_block
Dead Horn Coral Block,dead_horn_coral_block
Tube Coral Block,tube_coral_block
Brain Coral Block,brain_coral_block
Bubble Coral Block,bubble_coral_block
Fire Coral Block,fire_coral_block
Horn Coral Block,horn_coral_block
Tube Coral,tube_coral
Brain Coral,brain_coral
Bubble Coral,bubble_coral
Fire Coral,fire_coral
Horn Coral,horn_coral
Dead Brain Coral,dead_brain_coral
Dead Bubble Coral,dead_bubble_coral
Dead Fire Coral,dead_fire_coral
Dead Horn Coral,dead_horn_coral
Dead Tube Coral,dead_tube_coral
Tube Coral Fan,tube_coral_fan
Brain Coral Fan,brain_coral_fan
Bubble Coral Fan,bubble_coral_fan
Fire Coral Fan,fire_coral_fan
Horn Coral Fan,horn_coral_fan
Dead Tube Coral Fan,dead_tube_coral_fan
Dead Brain Coral Fan,dead_brain_coral_fan
Dead Bubble Coral Fan,dead_bubble_coral_fan
Dead Fire Coral Fan,dead_fire_coral_fan
Dead Horn Coral Fan,dead_horn_coral_fan
Blue Ice,blue_ice
Conduit,conduit
Polished Granite Stairs,polished_granite_stairs
Smooth Red Sandstone Stairs,smooth_red_sandstone_stairs
Mossy Stone Brick Stairs,mossy_stone_brick_stairs
Polished Diorite Stairs,polished_diorite_stairs
Mossy Cobblestone Stairs,mossy_cobblestone_stairs
End Stone Brick Stairs,end_stone_brick_stairs
Stone Stairs,stone_stairs
Smooth Sandstone Stairs,smooth_sandstone_stairs
Smooth Quartz Stairs,smooth_quartz_stairs
Granite Stairs,granite_stairs
Andesite Stairs,andesite_stairs
Red Nether Brick Stairs,red_nether_brick_stairs
Polished Andesite Stairs,polished_andesite_stairs
Diorite Stairs,diorite_stairs
Cobbled Deepslate Stairs,cobbled_deepslate_stairs
Polished Deepslate Stairs,polished_deepslate_stairs
Deepslate Brick Stairs,deepslate_brick_stairs
Deepslate Tile Stairs,deepslate_tile_stairs
Polished Granite Slab,polished_granite_slab
Smooth Red Sandstone Slab,smooth_red_sandstone_slab
Mossy Stone Brick Slab,mossy_stone_brick_slab
Polished Diorite Slab,polished_diorite_slab
Mossy Cobblestone Slab,mossy_cobblestone_slab
End Stone Brick Slab,end_stone_brick_slab
Smooth Sandstone Slab,smooth_sandstone_slab
Smooth Quartz Slab,smooth_quartz_slab
Granite Slab,granite_slab
Andesite Slab,andesite_slab
Red Nether Brick Slab,red_nether_brick_slab
Polished Andesite Slab,polished_andesite_slab
Diorite Slab,diorite_slab
Cobbled Deepslate Slab,cobbled_deepslate_slab
Polished Deepslate Slab,polished_deepslate_slab
Deepslate Brick Slab,deepslate_brick_slab
Deepslate Tile Slab,deepslate_tile_slab
Scaffolding,scaffolding
Redstone Dust,redstone
Redstone Torch,redstone_torch
Block of Redstone,redstone_block
Redstone Repeater,repeater
Redstone Comparator,comparator
Piston,piston
Sticky Piston,sticky_piston
Slime Block,slime_block
Honey Block,honey_block
Observer,observer
Hopper,hopper
Dispenser,dispenser
Dropper,dropper
Lectern,lectern
Target,target
Lever,lever
Lightning Rod,lightning_rod
Daylight Detector,daylight_detector
Sculk Sensor,sculk_sensor
Calibrated Sculk Sensor,calibrated_sculk_sensor
Tripwire Hook,tripwire_hook
Trapped Chest,trapped_chest
TNT,tnt
Redstone Lamp,redstone_lamp
Note Block,note_block
Stone Button,stone_button
Polished Blackstone Button,polished_blackstone_button
Oak Button,oak_button
Spruce Button,spruce_button
Birch Button,birch_button
Jungle Button,jungle_button
Acacia Button,acacia_button
Cherry Button,cherry_button
Dark Oak Button,dark_oak_button
Mangrove Button,mangrove_button
Bamboo Button,bamboo_button
Crimson Button,crimson_button
Warped Button,warped_button
Stone Pressure Plate,stone_pressure_plate
Polished Blackstone Pressure Plate,polished_blackstone_pressure_plate
Light Weighted Pressure Plate,light_weighted_pressure_plate
Heavy Weighted Pressure Plate,heavy_weighted_pressure_plate
Oak Pressure Plate,oak_pressure_plate
Spruce Pressure Plate,spruce_pressure_plate
Birch Pressure Plate,birch_pressure_plate
Jungle Pressure Plate,jungle_pressure_plate
Acacia Pressure Plate,acacia_pressure_plate
Cherry Pressure Plate,cherry_pressure_plate
Dark Oak Pressure Plate,dark_oak_pressure_plate
Mangrove Pressure Plate,mangrove_pressure_plate
Bamboo Pressure Plate,bamboo_pressure_plate
Crimson Pressure Plate,crimson_pressure_plate
Warped Pressure Plate,warped_pressure_plate
Iron Door,iron_door
Oak Door,oak_door
Spruce Door,spruce_door
Birch Door,birch_door
Jungle Door,jungle_door
Acacia Door,acacia_door
Cherry Door,cherry_door
Dark Oak Door,dark_oak_door
Mangrove Door,mangrove_door
Bamboo Door,bamboo_door
Crimson Door,crimson_door
Warped Door,warped_door
Iron Trapdoor,iron_trapdoor
Oak Trapdoor,oak_trapdoor
Spruce Trapdoor,spruce_trapdoor
Birch Trapdoor,birch_trapdoor
Jungle Trapdoor,jungle_trapdoor
Acacia Trapdoor,acacia_trapdoor
Cherry Trapdoor,cherry_trapdoor
Dark Oak Trapdoor,dark_oak_trapdoor
Mangrove Trapdoor,mangrove_trapdoor
Bamboo Trapdoor,bamboo_trapdoor
Crimson Trapdoor,crimson_trapdoor
Warped Trapdoor,warped_trapdoor
Oak Fence Gate,oak_fence_gate
Spruce Fence Gate,spruce_fence_gate
Birch Fence Gate,birch_fence_gate
Jungle Fence Gate,jungle_fence_gate
Acacia Fence Gate,acacia_fence_gate
Cherry Fence Gate,cherry_fence_gate
Dark Oak Fence Gate,dark_oak_fence_gate
Mangrove Fence Gate,mangrove_fence_gate
Bamboo Fence Gate,bamboo_fence_gate
Crimson Fence Gate,crimson_fence_gate
Warped Fence Gate,warped_fence_gate
Powered Rail,powered_rail
Detector Rail,detector_rail
Rail,rail
Activator Rail,activator_rail
Saddle,saddle
Minecart,minecart
Minecart with Chest,chest_minecart
Minecart with Furnace,furnace_minecart
Minecart with TNT,tnt_minecart
Minecart with Hopper,hopper_minecart
Carrot on a Stick,carrot_on_a_stick
Warped Fungus on a Stick,warped_fungus_on_a_stick
Elytra,elytra
Oak Boat,oak_boat
Oak Boat with Chest,oak_chest_boat
Spruce Boat,spruce_boat
Spruce Boat with Chest,spruce_chest_boat
Birch Boat,birch_boat
Birch Boat with Chest,birch_chest_boat
Jungle Boat,jungle_boat
Jungle Boat with Chest,jungle_chest_boat
Acacia Boat,acacia_boat
Acacia Boat with Chest,acacia_chest_boat
Cherry Boat,cherry_boat
Cherry Boat with Chest,cherry_chest_boat
Dark Oak Boat,dark_oak_boat
Dark Oak Boat with Chest,dark_oak_chest_boat
Mangrove Boat,mangrove_boat
Mangrove Boat with Chest,mangrove_chest_boat
Bamboo Raft,bamboo_raft
Bamboo Raft with Chest,bamboo_chest_raft
Turtle Shell,turtle_helmet
Scute,scute
Flint and Steel,flint_and_steel
Apple,apple
Bow,bow
Arrow,arrow
Coal,coal
Charcoal,charcoal
Diamond,diamond
Emerald,emerald
Lapis Lazuli,lapis_lazuli
Nether Quartz,quartz
Amethyst Shard,amethyst_shard
Raw Iron,raw_iron
Iron Ingot,iron_ingot
Raw Copper,raw_copper
Copper Ingot,copper_ingot
Raw Gold,raw_gold
Gold Ingot,gold_ingot
Netherite Ingot,netherite_ingot
Netherite Scrap,netherite_scrap
Wooden Sword,wooden_sword
Wooden Shovel,wooden_shovel
Wooden Pickaxe,wooden_pickaxe
Wooden Axe,wooden_axe
Wooden Hoe,wooden_hoe
Stone Sword,stone_sword
Stone Shovel,stone_shovel
Stone Pickaxe,stone_pickaxe
Stone Axe,stone_axe
Stone Hoe,stone_hoe
Golden Sword,golden_sword
Golden Shovel,golden_shovel
Golden Pickaxe,golden_pickaxe
Golden Axe,golden_axe
Golden Hoe,golden_hoe
Iron Sword,iron_sword
Iron Shovel,iron_shovel
Iron Pickaxe,iron_pickaxe
Iron Axe,iron_axe
Iron Hoe,iron_hoe
Diamond Sword,diamond_sword
Diamond Shovel,diamond_shovel
Diamond Pickaxe,diamond_pickaxe
Diamond Axe,diamond_axe
Diamond Hoe,diamond_hoe
Netherite Sword,netherite_sword
Netherite Shovel,netherite_shovel
Netherite Pickaxe,netherite_pickaxe
Netherite Axe,netherite_axe
Netherite Hoe,netherite_hoe
Stick,stick
Bowl,bowl
Mushroom Stew,mushroom_stew
String,string
Feather,feather
Gunpowder,gunpowder
Wheat Seeds,wheat_seeds
Wheat,wheat
Bread,bread
Leather Cap,leather_helmet
Leather Tunic,leather_chestplate
Leather Pants,leather_leggings
Leather Boots,leather_boots
Chainmail Helmet,chainmail_helmet
Chainmail Chestplate,chainmail_chestplate
Chainmail Leggings,chainmail_leggings
Chainmail Boots,chainmail_boots
Iron Helmet,iron_helmet
Iron Chestplate,iron_chestplate
Iron Leggings,iron_leggings
Iron Boots,iron_boots
Diamond Helmet,diamond_helmet
Diamond Chestplate,diamond_chestplate
Diamond Leggings,diamond_leggings
Diamond Boots,diamond_boots
Golden Helmet,golden_helmet
Golden Chestplate,golden_chestplate
Golden Leggings,golden_leggings
Golden Boots,golden_boots
Netherite Helmet,netherite_helmet
Netherite Chestplate,netherite_chestplate
Netherite Leggings,netherite_leggings
Netherite Boots,netherite_boots
Flint,flint
Raw Porkchop,porkchop
Cooked Porkchop,cooked_porkchop
Painting,painting
Golden Apple,golden_apple
Enchanted Golden Apple,enchanted_golden_apple
Oak Sign,oak_sign
Spruce Sign,spruce_sign
Birch Sign,birch_sign
Jungle Sign,jungle_sign
Acacia Sign,acacia_sign
Cherry Sign,cherry_sign
Dark Oak Sign,dark_oak_sign
Mangrove Sign,mangrove_sign
Bamboo Sign,bamboo_sign
Crimson Sign,crimson_sign
Warped Sign,warped_sign
Oak Hanging Sign,oak_hanging_sign
Spruce Hanging Sign,spruce_hanging_sign
Birch Hanging Sign,birch_hanging_sign
Jungle Hanging Sign,jungle_hanging_sign
Acacia Hanging Sign,acacia_hanging_sign
Cherry Hanging Sign,cherry_hanging_sign
Dark Oak Hanging Sign,dark_oak_hanging_sign
Mangrove Hanging Sign,mangrove_hanging_sign
Bamboo Hanging Sign,bamboo_hanging_sign
Crimson Hanging Sign,crimson_hanging_sign
Warped Hanging Sign,warped_hanging_sign
Bucket,bucket
Water Bucket,water_bucket
Lava Bucket,lava_bucket
Powder Snow Bucket,powder_snow_bucket
Snowball,snowball
Leather,leather
Milk Bucket,milk_bucket
Bucket of Pufferfish,pufferfish_bucket
Bucket of Salmon,salmon_bucket
Bucket of Cod,cod_bucket
Bucket of Tropical Fish,tropical_fish_bucket
Bucket of Axolotl,axolotl_bucket
Bucket of Tadpole,tadpole_bucket
Brick,brick
Clay Ball,clay_ball
Dried Kelp Block,dried_kelp_block
Paper,paper
Book,book
Slimeball,slime_ball
Egg,egg
Compass,compass
Recovery Compass,recovery_compass
Fishing Rod,fishing_rod
Clock,clock
Spyglass,spyglass
Glowstone Dust,glowstone_dust
Raw Cod,cod
Raw Salmon,salmon
Tropical Fish,tropical_fish
Pufferfish,pufferfish
Cooked Cod,cooked_cod
Cooked Salmon,cooked_salmon
Ink Sac,ink_sac
Glow Ink Sac,glow_ink_sac
Cocoa Beans,cocoa_beans
White Dye,white_dye
Orange Dye,orange_dye
Magenta Dye,magenta_dye
Light Blue Dye,light_blue_dye
Yellow Dye,yellow_dye
Lime Dye,lime_dye
Pink Dye,pink_dye
Gray Dye,gray_dye
Light Gray Dye,light_gray_dye
Cyan Dye,cyan_dye
Purple Dye,purple_dye
Blue Dye,blue_dye
Brown Dye,brown_dye
Green Dye,green_dye
Red Dye,red_dye
Black Dye,black_dye
Bone Meal,bone_meal
Bone,bone
Sugar,sugar
Cake,cake
White Bed,white_bed
Orange Bed,orange_bed
Magenta Bed,magenta_bed
Light Blue Bed,light_blue_bed
Yellow Bed,yellow_bed
Lime Bed,lime_bed
Pink Bed,pink_bed
Gray Bed,gray_bed
Light Gray Bed,light_gray_bed
Cyan Bed,cyan_bed
Purple Bed,purple_bed
Blue Bed,blue_bed
Brown Bed,brown_bed
Green Bed,green_bed
Red Bed,red_bed
Black Bed,black_bed
Cookie,cookie
Map,filled_map
Shears,shears
Melon Slice,melon_slice
Dried Kelp,dried_kelp
Pumpkin Seeds,pumpkin_seeds
Melon Seeds,melon_seeds
Raw Beef,beef
Steak,cooked_beef
Raw Chicken,chicken
Cooked Chicken,cooked_chicken
Rotten Flesh,rotten_flesh
Ender Pearl,ender_pearl
Blaze Rod,blaze_rod
Ghast Tear,ghast_tear
Gold Nugget,gold_nugget
Nether Wart,nether_wart
Potion,potion
Glass Bottle,glass_bottle
Spider Eye,spider_eye
Fermented Spider Eye,fermented_spider_eye
Blaze Powder,blaze_powder
Magma Cream,magma_cream
Brewing Stand,brewing_stand
Cauldron,cauldron
Eye of Ender,ender_eye
Glistering Melon Slice,glistering_melon_slice
Bottle o' Enchanting,experience_bottle
Fire Charge,fire_charge
Book and Quill,writable_book
Written Book,written_book
Item Frame,item_frame
Glow Item Frame,glow_item_frame
Flower Pot,flower_pot
Carrot,carrot
Potato,potato
Baked Potato,baked_potato
Poisonous Potato,poisonous_potato
Empty Map,map
Golden Carrot,golden_carrot
Skeleton Skull,skeleton_skull
Wither Skeleton Skull,wither_skeleton_skull
Zombie Head,zombie_head
Creeper Head,creeper_head
Dragon Head,dragon_head
Piglin Head,piglin_head
Nether Star,nether_star
Pumpkin Pie,pumpkin_pie
Firework Rocket,firework_rocket
Firework Star,firework_star
Enchanted Book,enchanted_book
Nether Brick,nether_brick
Prismarine Shard,prismarine_shard
Prismarine Crystals,prismarine_crystals
Raw Rabbit,rabbit
Cooked Rabbit,cooked_rabbit
Rabbit Stew,rabbit_stew
Rabbit's Foot,rabbit_foot
Rabbit Hide,rabbit_hide
Armor Stand,armor_stand
Iron Horse Armor,iron_horse_armor
Golden Horse Armor,golden_horse_armor
Diamond Horse Armor,diamond_horse_armor
Leather Horse Armor,leather_horse_armor
Lead,lead
Name Tag,name_tag
Raw Mutton,mutton
Cooked Mutton,cooked_mutton
White Banner,white_banner
Orange Banner,orange_banner
Magenta Banner,magenta_banner
Light Blue Banner,light_blue_banner
Yellow Banner,yellow_banner
Lime Banner,lime_banner
Pink Banner,pink_banner
Gray Banner,gray_banner
Light Gray Banner,light_gray_banner
Cyan Banner,cyan_banner
Purple Banner,purple_banner
Blue Banner,blue_banner
Brown Banner,brown_banner
Green Banner,green_banner
Red Banner,red_banner
Black Banner,black_banner
End Crystal,end_crystal
Chorus Fruit,chorus_fruit
Popped Chorus Fruit,popped_chorus_fruit
Torchflower Seeds,torchflower_seeds
Pitcher Pod,pitcher_pod
Beetroot,beetroot
Beetroot Seeds,beetroot_seeds
Beetroot Soup,beetroot_soup
Dragon's Breath,dragon_breath
Splash Potion,splash_potion
Spectral Arrow,spectral_arrow
Tipped Arrow,tipped_arrow
Lingering Potion,lingering_potion
Shield,shield
Totem of Undying,totem_of_undying
Shulker Shell,shulker_shell
Iron Nugget,iron_nugget
Music Disc,music_disc_13
Music Disc,music_disc_cat
Music Disc,music_disc_blocks
Music Disc,music_disc_chirp
Music Disc,music_disc_far
Music Disc,music_disc_mall
Music Disc,music_disc_mellohi
Music Disc,music_disc_stal
Music Disc,music_disc_strad
Music Disc,music_disc_ward
Music Disc,music_disc_11
Music Disc,music_disc_wait
Music Disc,music_disc_otherside
Music Disc,music_disc_relic
Music Disc,music_disc_5
Music Disc,music_disc_pigstep
Disc Fragment,disc_fragment_5
Trident,trident
Phantom Membrane,phantom_membrane
Nautilus Shell,nautilus_shell
Heart of the Sea,heart_of_the_sea
Crossbow,crossbow
Suspicious Stew,suspicious_stew
Loom,loom
Banner Pattern,flower_banner_pattern
Banner Pattern,creeper_banner_pattern
Banner Pattern,skull_banner_pattern
Banner Pattern,mojang_banner_pattern
Banner Pattern,globe_banner_pattern
Banner Pattern,piglin_banner_pattern
Goat Horn,goat_horn
Composter,composter
Barrel,barrel
Smoker,smoker
Blast Furnace,blast_furnace
Cartography Table,cartography_table
Fletching Table,fletching_table
Grindstone,grindstone
Smithing Table,smithing_table
Stonecutter,stonecutter
Bell,bell
Lantern,lantern
Soul Lantern,soul_lantern
Sweet Berries,sweet_berries
Glow Berries,glow_berries
Campfire,campfire
Soul Campfire,soul_campfire
Shroomlight,shroomlight
Honeycomb,honeycomb
Bee Nest,bee_nest
Beehive,beehive
Honey Bottle,honey_bottle
Honeycomb Block,honeycomb_block
Lodestone,lodestone
Crying Obsidian,crying_obsidian
Blackstone,blackstone
Blackstone Slab,blackstone_slab
Blackstone Stairs,blackstone_stairs
Gilded Blackstone,gilded_blackstone
Polished Blackstone,polished_blackstone
Polished Blackstone Slab,polished_blackstone_slab
Polished Blackstone Stairs,polished_blackstone_stairs
Chiseled Polished Blackstone,chiseled_polished_blackstone
Polished Blackstone Bricks,polished_blackstone_bricks
Polished Blackstone Brick Slab,polished_blackstone_brick_slab
Polished Blackstone Brick Stairs,polished_blackstone_brick_stairs
Cracked Polished Blackstone Bricks,cracked_polished_blackstone_bricks
Respawn Anchor,respawn_anchor
Candle,candle
White Candle,white_candle
Orange Candle,orange_candle
Magenta Candle,magenta_candle
Light Blue Candle,light_blue_candle
Yellow Candle,yellow_candle
Lime Candle,lime_candle
Pink Candle,pink_candle
Gray Candle,gray_candle
Light Gray Candle,light_gray_candle
Cyan Candle,cyan_candle
Purple Candle,purple_candle
Blue Candle,blue_candle
Brown Candle,brown_candle
Green Candle,green_candle
Red Candle,red_candle
Black Candle,black_candle
Small Amethyst Bud,small_amethyst_bud
Medium Amethyst Bud,medium_amethyst_bud
Large Amethyst Bud,large_amethyst_bud
Amethyst Cluster,amethyst_cluster
Pointed Dripstone,pointed_dripstone
Ochre Froglight,ochre_froglight
Verdant Froglight,verdant_froglight
Pearlescent Froglight,pearlescent_froglight
Echo Shard,echo_shard
Brush,brush
Smithing Template,netherite_upgrade_smithing_template
Smithing Template,sentry_armor_trim_smithing_template
Smithing Template,dune_armor_trim_smithing_template
Smithing Template,coast_armor_trim_smithing_template
Smithing Template,wild_armor_trim_smithing_template
Smithing Template,ward_armor_trim_smithing_template
Smithing Template,eye_armor_trim_smithing_template
Smithing Template,vex_armor_trim_smithing_template
Smithing Template,tide_armor_trim_smithing_template
Smithing Template,snout_armor_trim_smithing_template
Smithing Template,rib_armor_trim_smithing_template
Smithing Template,spire_armor_trim_smithing_template
Smithing Template,wayfinder_armor_trim_smithing_template
Smithing Template,shaper_armor_trim_smithing_template
Smithing Template,silence_armor_trim_smithing_template
Smithing Template,raiser_armor_trim_smithing_template
Smithing Template,host_armor_trim_smithing_template
Angler Pottery Sherd,angler_pottery_sherd
Archer Pottery Sherd,archer_pottery_sherd
Arms Up Pottery Sherd,arms_up_pottery_sherd
Blade Pottery Sherd,blade_pottery_sherd
Brewer Pottery Sherd,brewer_pottery_sherd
Burn Pottery Sherd,burn_pottery_sherd
Danger Pottery Sherd,danger_pottery_sherd
Explorer Pottery Sherd,explorer_pottery_sherd
Friend Pottery Sherd,friend_pottery_sherd
Heart Pottery Sherd,heart_pottery_sherd
Heartbreak Pottery Sherd,heartbreak_pottery_sherd
Howl Pottery Sherd,howl_pottery_sherd
Miner Pottery Sherd,miner_pottery_sherd
Mourner Pottery Sherd,mourner_pottery_sherd
Plenty Pottery Sherd,plenty_pottery_sherd
Prize Pottery Sherd,prize_pottery_sherd
Sheaf Pottery Sherd,sheaf_pottery_sherd
Shelter Pottery Sherd,shelter_pottery_sherd
Skull Pottery Sherd,skull_pottery_sherd
Snort Pottery Sherd,snort_pottery_sherd
Air,air
Flowing Water,flowing_water
Still Water,water
